State,District,Year,Wheat,,
,,,Rabi,,
,,,Area (Hectare),Production (Tonnes),Yield (Tonne/Hectare)
1. Madhya Pradesh,1. Agar malwa,2016 - 2017,"50,000.00","1,81,000.00",3.62
,,2017 - 2018,"46,000.00","1,84,000.00",4
,,2018 - 2019,"74,218.00","1,55,914.00",2.1
,,2019 - 2020,"1,26,577.00","5,69,597.00",4.5
,,2020 - 2021,"1,04,738.00","2,33,252.00",2.23
,,2021 - 2022,"1,27,140.00","3,22,936.00",2.54
,,2022 - 2023,"1,24,362.00","3,28,316.00",2.64
,2. Alirajpur,2016 - 2017,"22,000.00","60,000.00",2.73
,,2017 - 2018,"26,000.00","61,280.00",2.36
,,2018 - 2019,"21,868.00","50,437.00",2.31
,,2019 - 2020,"36,888.00","84,879.00",2.3
,,2020 - 2021,"41,323.00","1,13,184.00",2.74
,,2021 - 2022,"37,799.00","1,07,954.00",2.86
,,2022 - 2023,"32,899.00","93,960.00",2.86
,3. Anuppur,2016 - 2017,"27,000.00","53,000.00",1.96
,,2017 - 2018,"16,680.00","60,780.00",3.64
,,2018 - 2019,"13,728.00","24,249.00",1.77
,,2019 - 2020,"20,470.00","33,100.00",1.62
,,2020 - 2021,"18,607.00","29,325.00",1.58
,,2021 - 2022,"18,237.00","39,301.00",2.16
,,2022 - 2023,"17,496.00","39,453.00",2.25
,4. Ashoknagar,2016 - 2017,"1,59,000.00","3,93,000.00",2.47
,,2017 - 2018,"1,43,410.00","4,69,240.00",3.27
,,2018 - 2019,"1,73,890.00","5,83,633.00",3.36
,,2019 - 2020,"2,11,876.00","8,12,544.00",3.83
,,2020 - 2021,"1,97,456.00","6,67,401.00",3.38
,,2021 - 2022,"1,73,252.00","6,14,698.00",3.55
,,2022 - 2023,"1,19,624.00","4,24,426.00",3.55
,5. Balaghat,2016 - 2017,"35,000.00","64,000.00",1.83
,,2017 - 2018,"55,560.00","1,38,120.00",2.49
,,2018 - 2019,"39,692.00","52,509.00",1.32
,,2019 - 2020,"76,811.00","1,26,585.00",1.65
,,2020 - 2021,"71,381.00","1,93,514.00",2.71
,,2021 - 2022,"44,403.00","91,115.00",2.05
,,2022 - 2023,"50,476.00","1,08,624.00",2.15
,6. Barwani,2016 - 2017,"43,000.00","1,54,000.00",3.58
,,2017 - 2018,"48,000.00","1,70,400.00",3.55
,,2018 - 2019,"1,01,968.00","3,84,821.00",3.77
,,2019 - 2020,"1,13,489.00","4,66,667.00",4.11
,,2020 - 2021,"1,26,869.00","5,32,215.00",4.19
,,2021 - 2022,"1,26,959.00","4,88,538.00",3.85
,,2022 - 2023,"1,10,752.00","4,26,174.00",3.85
,7. Betul,2016 - 2017,"1,28,000.00","3,39,000.00",2.65
,,2017 - 2018,"1,04,400.00","2,77,910.00",2.66
,,2018 - 2019,"1,44,914.00","4,71,037.00",3.25
,,2019 - 2020,"2,64,808.00","6,93,267.00",2.62
,,2020 - 2021,"2,74,631.00","9,02,712.00",3.29
,,2021 - 2022,"2,69,435.00","7,70,584.00",2.86
,,2022 - 2023,"2,81,813.00","8,07,394.00",2.86
,8. Bhind,2016 - 2017,"1,45,000.00","5,82,000.00",4.01
,,2017 - 2018,"1,10,400.00","4,66,110.00",4.22
,,2018 - 2019,"98,256.00","4,14,198.00",4.22
,,2019 - 2020,"1,15,475.00","4,11,091.00",3.56
,,2020 - 2021,"1,19,549.00","4,75,685.00",3.98
,,2021 - 2022,"77,890.00","3,77,377.00",4.84
,,2022 - 2023,"96,666.00","4,39,347.00",4.55
,9. Bhopal,2016 - 2017,"87,000.00","3,01,000.00",3.46
,,2017 - 2018,"81,000.00","2,36,520.00",2.92
,,2018 - 2019,"51,175.00","1,75,571.00",3.43
,,2019 - 2020,"1,41,761.00","4,27,835.00",3.02
,,2020 - 2021,"1,45,628.00","5,00,087.00",3.43
,,2021 - 2022,"1,45,334.00","4,95,153.00",3.41
,,2022 - 2023,"1,47,167.00","5,01,398.00",3.41
,10. Burhanpur,2016 - 2017,"10,000.00","30,000.00",3
,,2017 - 2018,"21,000.00","73,500.00",3.5
,,2018 - 2019,"14,167.00","41,998.00",2.96
,,2019 - 2020,"17,743.00","63,857.00",3.6
,,2020 - 2021,"19,744.00","1,08,454.00",5.49
,,2021 - 2022,"14,766.00","75,750.00",5.13
,,2022 - 2023,"15,626.00","72,348.00",4.63
,11. Chhatarpur,2016 - 2017,"2,09,000.00","5,96,000.00",2.85
,,2017 - 2018,"1,75,310.00","4,24,070.00",2.42
,,2018 - 2019,"2,86,498.00","8,37,297.00",2.92
,,2019 - 2020,"3,51,196.00","9,34,533.00",2.66
,,2020 - 2021,"3,21,426.00","8,28,315.00",2.58
,,2021 - 2022,"2,48,232.00","7,69,132.00",3.1
,,2022 - 2023,"3,15,198.00","8,52,926.00",2.71
,12. Chhindwara,2016 - 2017,"1,79,000.00","5,78,000.00",3.23
,,2017 - 2018,"1,81,000.00","6,19,200.00",3.42
,,2018 - 2019,"2,13,338.00","7,54,061.00",3.53
,,2019 - 2020,"2,87,244.00","15,66,629.00",5.45
,,2020 - 2021,"3,00,424.00","15,86,840.00",5.28
,,2021 - 2022,"3,08,313.00","14,19,165.00",4.6
,,2022 - 2023,"3,07,590.00","13,85,078.00",4.5
,13. Damoh,2016 - 2017,"95,000.00","3,33,000.00",3.51
,,2017 - 2018,"81,600.00","2,85,600.00",3.5
,,2018 - 2019,"1,33,244.00","3,40,444.00",2.56
,,2019 - 2020,"1,67,411.00","4,08,650.00",2.44
,,2020 - 2021,"1,75,791.00","4,86,765.00",2.77
,,2021 - 2022,"1,44,956.00","4,35,883.00",3.01
,,2022 - 2023,"1,72,017.00","5,17,255.00",3.01
,14. Datia,2016 - 2017,"1,46,000.00","4,94,000.00",3.38
,,2017 - 2018,"1,20,800.00","3,99,000.00",3.3
,,2018 - 2019,"1,85,315.00","6,14,412.00",3.32
,,2019 - 2020,"1,91,215.00","6,51,661.00",3.41
,,2020 - 2021,"1,80,979.00","6,11,709.00",3.38
,,2021 - 2022,"1,46,077.00","5,27,922.00",3.61
,,2022 - 2023,"1,47,578.00","5,34,232.00",3.62
,15. Dewas,2016 - 2017,"1,76,000.00","6,50,000.00",3.69
,,2017 - 2018,"1,70,960.00","7,00,940.00",4.1
,,2018 - 2019,"1,34,126.00","3,18,605.00",2.38
,,2019 - 2020,"3,04,846.00","13,30,043.00",4.36
,,2020 - 2021,"3,07,489.00","10,48,537.00",3.41
,,2021 - 2022,"2,87,400.00","10,97,293.00",3.82
,,2022 - 2023,"3,05,016.00","11,64,551.00",3.82
,16. Dhar,2016 - 2017,"2,25,000.00","7,51,000.00",3.34
,,2017 - 2018,"1,98,870.00","6,92,660.00",3.48
,,2018 - 2019,"2,33,817.00","8,09,679.00",3.46
,,2019 - 2020,"3,64,792.00","13,14,710.00",3.6
,,2020 - 2021,"3,80,980.00","20,53,482.00",5.39
,,2021 - 2022,"3,66,295.00","19,88,982.00",5.43
,,2022 - 2023,"3,74,885.00","17,73,206.00",4.73
,17. Dindori,2016 - 2017,"49,000.00","1,08,000.00",2.2
,,2017 - 2018,"44,000.00","1,06,700.00",2.43
,,2018 - 2019,"34,942.00","36,048.00",1.03
,,2019 - 2020,"52,521.00","83,036.00",1.58
,,2020 - 2021,"55,026.00","1,27,660.00",2.32
,,2021 - 2022,"59,115.00","1,52,871.00",2.59
,,2022 - 2023,"60,195.00","1,55,664.00",2.59
,18. Guna,2016 - 2017,"1,36,000.00","5,21,000.00",3.83
,,2017 - 2018,"1,12,400.00","4,16,780.00",3.71
,,2018 - 2019,"1,65,089.00","6,49,906.00",3.94
,,2019 - 2020,"2,11,207.00","8,35,957.00",3.96
,,2020 - 2021,"1,85,432.00","8,78,762.00",4.74
,,2021 - 2022,"1,89,953.00","8,52,700.00",4.49
,,2022 - 2023,"1,89,024.00","8,10,724.00",4.29
,19. Gwalior,2016 - 2017,"1,46,000.00","5,86,000.00",4.01
,,2017 - 2018,"65,000.00","2,47,260.00",3.8
,,2018 - 2019,"1,40,836.00","5,23,109.00",3.71
,,2019 - 2020,"1,51,825.00","6,55,884.00",4.32
,,2020 - 2021,"1,49,949.00","5,90,499.00",3.94
,,2021 - 2022,"1,41,866.00","5,13,271.00",3.62
,,2022 - 2023,"1,39,382.00","5,02,472.00",3.6
,20. Harda,2016 - 2017,"1,41,000.00","6,07,000.00",4.3
,,2017 - 2018,"1,18,000.00","4,69,880.00",3.98
,,2018 - 2019,"1,42,439.00","6,20,836.00",4.36
,,2019 - 2020,"1,62,065.00","5,68,686.00",3.51
,,2020 - 2021,"1,40,206.00","7,20,659.00",5.14
,,2021 - 2022,"1,00,919.00","5,37,900.00",5.33
,,2022 - 2023,"97,146.00","5,12,931.00",5.28
,21. Hoshangabad,2016 - 2017,"2,60,000.00","11,70,000.00",4.5
,,2017 - 2018,"2,31,500.00","9,97,300.00",4.31
,,2018 - 2019,"2,80,763.00","12,54,028.00",4.47
,,2019 - 2020,"3,08,308.00","14,55,214.00",4.72
,,2020 - 2021,"2,98,881.00","16,82,999.00",5.63
,,2021 - 2022,"2,75,152.00","1,54,353.00",0.56
,,2022 - 2023,"2,70,127.00","13,88,453.00",5.14
,22. Indore,2016 - 2017,"1,30,000.00","5,60,000.00",4.31
,,2017 - 2018,"1,10,400.00","4,65,120.00",4.21
,,2018 - 2019,"1,26,387.00","5,21,752.00",4.13
,,2019 - 2020,"1,87,273.00","9,64,269.00",5.15
,,2020 - 2021,"2,01,533.00","12,11,213.00",6.01
,,2021 - 2022,"2,02,063.00","10,93,161.00",5.41
,,2022 - 2023,"2,09,917.00","10,09,701.00",4.81
,23. Jabalpur,2016 - 2017,"1,31,000.00","4,89,000.00",3.73
,,2017 - 2018,"1,71,560.00","6,47,640.00",3.78
,,2018 - 2019,"1,93,246.00","7,66,680.00",3.97
,,2019 - 2020,"2,19,428.00","9,47,929.00",4.32
,,2020 - 2021,"2,18,372.00","8,35,928.00",3.83
,,2021 - 2022,"2,02,130.00","7,92,754.00",3.92
,,2022 - 2023,"1,95,672.00","7,67,426.00",3.92
,24. Jhabua,2016 - 2017,"48,000.00","1,53,000.00",3.19
,,2017 - 2018,"59,000.00","1,74,990.00",2.97
,,2018 - 2019,"53,062.00","1,44,515.00",2.72
,,2019 - 2020,"73,534.00","2,09,204.00",2.84
,,2020 - 2021,"92,146.00","2,85,745.00",3.1
,,2021 - 2022,"91,815.00","2,96,746.00",3.23
,,2022 - 2023,"87,626.00","2,83,207.00",3.23
,25. Katni,2016 - 2017,"1,06,000.00","3,38,000.00",3.19
,,2017 - 2018,"1,29,140.00","3,89,490.00",3.02
,,2018 - 2019,"1,66,312.00","5,50,809.00",3.31
,,2019 - 2020,"1,94,702.00","6,74,837.00",3.47
,,2020 - 2021,"1,95,189.00","7,07,365.00",3.62
,,2021 - 2022,"1,85,660.00","7,06,436.00",3.8
,,2022 - 2023,"1,96,089.00","7,46,119.00",3.81
,26. Khandwa,2016 - 2017,"1,34,000.00","5,30,000.00",3.96
,,2017 - 2018,"1,42,500.00","5,34,230.00",3.75
,,2018 - 2019,"1,77,418.00","5,21,915.00",2.94
,,2019 - 2020,"2,16,164.00","6,92,589.00",3.2
,,2020 - 2021,"2,07,445.00","5,26,910.00",2.54
,,2021 - 2022,"1,71,413.00","4,88,870.00",2.85
,,2022 - 2023,"1,86,223.00","5,31,108.00",2.85
,27. Khargone,2016 - 2017,"1,51,000.00","6,25,000.00",4.14
,,2017 - 2018,"1,37,600.00","5,23,430.00",3.8
,,2018 - 2019,"2,22,195.00","8,63,787.00",3.89
,,2019 - 2020,"2,81,989.00","11,57,283.00",4.1
,,2020 - 2021,"2,45,667.00","10,68,897.00",4.35
,,2021 - 2022,"1,97,281.00","8,42,193.00",4.27
,,2022 - 2023,"2,21,965.00","9,47,569.00",4.27
,28. Mandla,2016 - 2017,"49,000.00","1,62,000.00",3.31
,,2017 - 2018,"46,000.00","1,21,300.00",2.64
,,2018 - 2019,"53,435.00","1,23,324.00",2.31
,,2019 - 2020,"82,291.00","1,60,056.00",1.95
,,2020 - 2021,"75,959.00","2,46,715.00",3.25
,,2021 - 2022,"70,707.00","1,61,495.00",2.28
,,2022 - 2023,"78,957.00","1,82,391.00",2.31
,29. Mandsaur,2016 - 2017,"97,000.00","4,18,000.00",4.31
,,2017 - 2018,"86,300.00","3,66,170.00",4.24
,,2018 - 2019,"1,59,314.00","6,84,705.00",4.3
,,2019 - 2020,"2,38,130.00","13,38,767.00",5.62
,,2020 - 2021,"1,22,427.00","4,43,675.00",3.62
,,2021 - 2022,"2,14,793.00","8,11,489.00",3.78
,,2022 - 2023,"2,04,901.00","7,74,116.00",3.78
,30. Morena,2016 - 2017,"1,17,000.00","4,58,000.00",3.91
,,2017 - 2018,"97,000.00","4,13,610.00",4.26
,,2018 - 2019,"1,20,546.00","4,87,757.00",4.05
,,2019 - 2020,"1,23,768.00","4,42,842.00",3.58
,,2020 - 2021,"1,19,968.00","4,79,392.00",4
,,2021 - 2022,"86,097.00","3,65,654.00",4.25
,,2022 - 2023,"1,01,586.00","4,31,436.00",4.25
,31. Narsinghpur,2016 - 2017,"1,00,000.00","4,04,000.00",4.04
,,2017 - 2018,"92,000.00","3,20,710.00",3.49
,,2018 - 2019,"1,20,227.00","4,39,773.00",3.66
,,2019 - 2020,"1,45,047.00","7,05,509.00",4.86
,,2020 - 2021,"1,53,258.00","6,44,910.00",4.21
,,2021 - 2022,"1,47,372.00","6,23,091.00",4.23
,,2022 - 2023,"1,54,811.00","6,39,060.00",4.13
,32. Neemuch,2016 - 2017,"50,000.00","1,64,000.00",3.28
,,2017 - 2018,"39,400.00","1,54,210.00",3.91
,,2018 - 2019,"76,801.00","3,21,795.00",4.19
,,2019 - 2020,"1,03,768.00","4,92,068.00",4.74
,,2020 - 2021,"41,206.00","1,09,484.00",2.66
,,2021 - 2022,"88,702.00","3,68,557.00",4.16
,,2022 - 2023,"88,493.00","3,67,688.00",4.15
,33. Niwari,2019 - 2020,"77,809.00","2,45,332.00",3.15
,,2020 - 2021,"63,320.00","1,63,999.00",2.59
,,2021 - 2022,"69,146.00","1,95,131.00",2.82
,,2022 - 2023,"74,106.00","2,09,127.00",2.82
,34. Panna,2016 - 2017,"77,000.00","2,36,000.00",3.06
,,2017 - 2018,"77,790.00","2,10,500.00",2.71
,,2018 - 2019,"1,05,107.00","2,85,197.00",2.71
,,2019 - 2020,"1,46,314.00","3,60,957.00",2.47
,,2020 - 2021,"1,50,010.00","3,64,524.00",2.43
,,2021 - 2022,"1,37,911.00","3,88,909.00",2.82
,,2022 - 2023,"1,37,478.00","3,87,688.00",2.82
,35. Raisen,2016 - 2017,"2,36,000.00","7,71,000.00",3.27
,,2017 - 2018,"1,97,600.00","6,47,730.00",3.28
,,2018 - 2019,"2,32,380.00","7,41,781.00",3.19
,,2019 - 2020,"2,86,929.00","11,68,662.00",4.07
,,2020 - 2021,"2,79,981.00","9,68,454.00",3.46
,,2021 - 2022,"2,85,040.00","9,54,599.00",3.35
,,2022 - 2023,"2,88,918.00","9,67,586.00",3.35
,36. Rajgarh,2016 - 2017,"1,61,000.00","5,71,000.00",3.55
,,2017 - 2018,"1,52,000.00","5,29,720.00",3.49
,,2018 - 2019,"2,29,108.00","8,07,116.00",3.52
,,2019 - 2020,"3,36,555.00","9,62,884.00",2.86
,,2020 - 2021,"3,15,181.00","10,20,556.00",3.24
,,2021 - 2022,"3,35,541.00","11,32,786.00",3.38
,,2022 - 2023,"3,60,618.00","12,17,446.00",3.38
,37. Ratlam,2016 - 2017,"1,09,000.00","3,69,000.00",3.39
,,2017 - 2018,"1,10,400.00","3,95,230.00",3.58
,,2018 - 2019,"1,53,934.00","4,68,977.00",3.05
,,2019 - 2020,"2,27,752.00","8,24,462.00",3.62
,,2020 - 2021,"2,14,917.00","10,76,734.00",5.01
,,2021 - 2022,"2,23,781.00","10,70,792.00",4.78
,,2022 - 2023,"2,46,133.00","11,53,133.00",4.68
,38. Rewa,2016 - 2017,"1,95,000.00","5,60,000.00",2.87
,,2017 - 2018,"1,73,600.00","4,99,970.00",2.88
,,2018 - 2019,"2,61,238.00","7,85,462.00",3.01
,,2019 - 2020,"3,34,362.00","10,49,562.00",3.14
,,2020 - 2021,"3,43,212.00","8,87,203.00",2.58
,,2021 - 2022,"3,53,260.00","10,10,324.00",2.86
,,2022 - 2023,"3,46,656.00","9,91,436.00",2.86
,39. Sagar,2016 - 2017,"2,02,000.00","5,57,000.00",2.76
,,2017 - 2018,"2,78,000.00","8,93,210.00",3.21
,,2018 - 2019,"3,01,969.00","7,55,948.00",2.5
,,2019 - 2020,"3,60,758.00","12,00,242.00",3.33
,,2020 - 2021,"3,47,618.00","9,92,449.00",2.85
,,2021 - 2022,"3,42,766.00","9,47,748.00",2.77
,,2022 - 2023,"3,54,243.00","9,79,482.00",2.77
,40. Satna,2016 - 2017,"1,71,000.00","6,17,000.00",3.61
,,2017 - 2018,"1,56,800.00","5,38,450.00",3.43
,,2018 - 2019,"2,44,840.00","8,99,821.00",3.68
,,2019 - 2020,"3,08,362.00","9,86,450.00",3.2
,,2020 - 2021,"3,20,734.00","8,53,473.00",2.66
,,2021 - 2022,"3,19,360.00","3,65,466.00",1.14
,,2022 - 2023,"3,25,752.00","8,82,788.00",2.71
,41. Sehore,2016 - 2017,"2,50,000.00","8,47,000.00",3.39
,,2017 - 2018,"1,97,400.00","6,96,430.00",3.53
,,2018 - 2019,"2,73,649.00","8,45,434.00",3.09
,,2019 - 2020,"3,38,431.00","12,26,812.00",3.62
,,2020 - 2021,"3,33,486.00","10,99,837.00",3.3
,,2021 - 2022,"3,34,767.00","11,50,929.00",3.44
,,2022 - 2023,"3,42,604.00","11,77,873.00",3.44
,42. Seoni,2016 - 2017,"1,51,000.00","4,45,000.00",2.95
,,2017 - 2018,"2,00,720.00","5,23,880.00",2.61
,,2018 - 2019,"2,03,008.00","6,27,616.00",3.09
,,2019 - 2020,"2,60,669.00","11,25,829.00",4.32
,,2020 - 2021,"2,75,705.00","12,05,107.00",4.37
,,2021 - 2022,"2,59,843.00","10,99,656.00",4.23
,,2022 - 2023,"2,69,794.00","11,14,789.00",4.13
,43. Shahdol,2016 - 2017,"53,000.00","90,000.00",1.7
,,2017 - 2018,"28,820.00","62,890.00",2.18
,,2018 - 2019,"46,403.00","1,12,460.00",2.42
,,2019 - 2020,"64,772.00","1,60,829.00",2.48
,,2020 - 2021,"74,224.00","1,39,467.00",1.88
,,2021 - 2022,"69,279.00","1,44,724.00",2.09
,,2022 - 2023,"74,491.00","1,55,612.00",2.09
,44. Shajapur,2016 - 2017,"1,36,000.00","4,55,000.00",3.35
,,2017 - 2018,"79,800.00","2,87,600.00",3.6
,,2018 - 2019,"1,19,407.00","3,36,653.00",2.82
,,2019 - 2020,"2,03,701.00","10,97,745.00",5.39
,,2020 - 2021,"1,96,447.00","6,37,274.00",3.24
,,2021 - 2022,"2,16,701.00","7,11,429.00",3.28
,,2022 - 2023,"2,32,890.00","7,64,578.00",3.28
,45. Sheopur,2016 - 2017,"85,000.00","3,49,000.00",4.11
,,2017 - 2018,"86,000.00","3,39,180.00",3.94
,,2018 - 2019,"1,09,134.00","4,71,747.00",4.32
,,2019 - 2020,"1,20,508.00","5,41,804.00",4.5
,,2020 - 2021,"96,446.00","5,27,367.00",5.47
,,2021 - 2022,"87,814.00","4,40,475.00",5.02
,,2022 - 2023,"96,311.00","4,21,361.00",4.38
,46. Shivpuri,2016 - 2017,"1,70,000.00","5,28,000.00",3.11
,,2017 - 2018,"76,900.00","2,17,090.00",2.82
,,2018 - 2019,"2,87,013.00","8,89,371.00",3.1
,,2019 - 2020,"3,11,478.00","8,50,958.00",2.73
,,2020 - 2021,"2,77,065.00","8,19,004.00",2.96
,,2021 - 2022,"2,62,403.00","8,68,554.00",3.31
,,2022 - 2023,"2,51,726.00","8,33,213.00",3.31
,47. Sidhi,2016 - 2017,"70,000.00","2,01,000.00",2.87
,,2017 - 2018,"62,700.00","1,62,580.00",2.59
,,2018 - 2019,"95,999.00","2,90,401.00",3.03
,,2019 - 2020,"1,18,696.00","2,81,784.00",2.37
,,2020 - 2021,"1,19,467.00","2,78,358.00",2.33
,,2021 - 2022,"1,22,149.00","3,08,671.00",2.53
,,2022 - 2023,"1,25,388.00","3,16,855.00",2.53
,48. Singrauli,2016 - 2017,"48,000.00","1,26,000.00",2.63
,,2017 - 2018,"39,100.00","1,03,580.00",2.65
,,2018 - 2019,"78,426.00","2,13,804.00",2.73
,,2019 - 2020,"94,045.00","4,54,143.00",4.83
,,2020 - 2021,"86,908.00","4,86,598.00",5.6
,,2021 - 2022,"92,730.00","3,76,113.00",4.06
,,2022 - 2023,"86,188.00","3,49,579.00",4.06
,49. Tikamgarh,2016 - 2017,"1,50,000.00","4,21,000.00",2.81
,,2017 - 2018,"97,190.00","2,43,070.00",2.5
,,2018 - 2019,"2,69,967.00","7,63,774.00",2.83
,,2019 - 2020,"2,13,491.00","6,54,563.00",3.07
,,2020 - 2021,"2,05,836.00","5,92,190.00",2.88
,,2021 - 2022,"1,92,366.00","5,77,098.00",3
,,2022 - 2023,"2,09,544.00","6,28,632.00",3
,50. Ujjain,2016 - 2017,"2,71,000.00","10,29,000.00",3.8
,,2017 - 2018,"2,20,600.00","9,35,790.00",4.24
,,2018 - 2019,"2,20,044.00","5,83,277.00",2.65
,,2019 - 2020,"4,08,353.00","17,65,718.00",4.32
,,2020 - 2021,"4,09,404.00","13,93,202.00",3.4
,,2021 - 2022,"4,12,568.00","14,80,706.00",3.59
,,2022 - 2023,"4,52,752.00","16,24,927.00",3.59
,51. Umaria,2016 - 2017,"26,000.00","60,000.00",2.31
,,2017 - 2018,"41,770.00","99,200.00",2.37
,,2018 - 2019,"56,053.00","1,25,534.00",2.24
,,2019 - 2020,"75,311.00","1,48,212.00",1.97
,,2020 - 2021,"74,548.00","1,38,957.00",1.86
,,2021 - 2022,"70,583.00","1,46,319.00",2.07
,,2022 - 2023,"77,562.00","1,68,542.00",2.17
,52. Vidisha,2016 - 2017,"2,81,000.00","8,32,000.00",2.96
,,2017 - 2018,"2,63,000.00","10,25,700.00",3.9
,,2018 - 2019,"2,80,644.00","7,32,061.00",2.61
,,2019 - 2020,"3,83,599.00","11,20,493.00",2.92
,,2020 - 2021,"3,55,461.00","10,89,843.00",3.07
,,2021 - 2022,"3,74,697.00","12,77,716.00",3.41
,,2022 - 2023,"3,26,580.00","11,13,638.00",3.41
